,Accuracy,Precision,Recall,F1-Score
setosa,0.6333333333333333,1.0,1.0,1.0
versicolor,0.6333333333333333,0.45,1.0,0.6206896551724138
virginica,0.6333333333333333,0.0,0.0,0.0
