hidden_sizes,accuracy,setosa_f1,versicolor_f1,virginica_f1
"(3,)",0.7333333333333333,1.0,0.2,0.7333333333333333
"(3, 2)",0.9333333333333333,1.0,0.875,0.9166666666666666
"(8,)",0.9666666666666667,1.0,0.9411764705882353,0.9565217391304348
"(8, 4)",0.6333333333333333,1.0,0.6206896551724138,0.0
"(16, 8)",0.9,1.0,0.8571428571428571,0.8421052631578947
"(16, 8, 4)",0.7333333333333333,1.0,0.6923076923076923,0.42857142857142855
