,Class,Avg_Confidence,Min_Confidence,Std_Confidence
0,setosa,0.3330501025127316,0.01570821547966923,0.42870329879349595
1,versicolor,0.31351605016307793,0.03635600891133655,0.3145978686372779
2,virginica,0.3534338473241905,0.011106762341882875,0.3554452540547832
