sepal_length,sepal_width,petal_length,petal_width,true_class,pred_class,correct,prob_class_0,prob_class_1,prob_class_2
5.8,2.7,3.9,1.2,1,1,True,0.004888989433036325,0.9894050705884492,0.005705939978514549
6.1,3.0,4.9,1.8,2,2,True,0.006553077554174038,0.37879943800642135,0.6146474844394048
