sepal_length,sepal_width,petal_length,petal_width,true_class,pred_class,correct,prob_class_0,prob_class_1,prob_class_2
5.5,4.2,1.4,0.2,0,0,True,0.9936470892664669,0.005234094910792382,0.0011188158227407121
6.3,2.3,4.4,1.3,1,1,True,0.003685078000262868,0.9916424956536597,0.0046724263460774995
6.5,3.0,5.8,2.2,2,2,True,0.0018470402986671944,0.0395866972586574,0.9585662624426753
6.3,2.8,5.1,1.5,2,1,False,0.004942840344541883,0.9639310214852214,0.03112613817023689
